RequestID,Tracking Number,CarrierName
47560,1Z9F72W00332429477,UPS
47595,1Z9F72W00332429495,UPS
47596,1Z9F72W00332429486,UPS
47597,1Z9F72W00332429520,UPS
47598,1Z9F72W00332429511,UPS
47599,1Z9F72W00332429502,UPS
47600,1Z9F72W00332429539,UPS
47601,1Z9F72W00332429548,UPS
47602,1Z9F72W00332429557,UPS
47603,1Z9F72W00332429566,UPS
47604,1Z9F72W00332429584,UPS
47605,1Z9F72W00332429575,UPS
47606,1Z9F72W00332430465,UPS
47608,1Z9F72W00332429600,UPS
47609,1Z9F72W00332429593,UPS
47610,1Z9F72W00332433579,UPS
47611,1Z9F72W00332433891,UPS
47612,1Z9F72W00332429619,UPS
47613,1Z9F72W00332431464,UPS
47614,1Z9F72W00332431473,UPS
47616,1Z9F72W00332429628,UPS
47617,1Z9F72W00332429637,UPS
47618,1Z9F72W00332429646,UPS
47619,1Z9F72W00332429655,UPS
47620,1Z9F72W00332429664,UPS
47621,1Z9F72W00332429682,UPS
47622,1Z9F72W00332429673,UPS
47623,1Z9F72W00332429691,UPS
47624,1Z9F72W00332429708,UPS
47625,1Z9F72W00332429717,UPS
47626,1Z9F72W00332429726,UPS
47627,1Z9F72W00332429735,UPS
47628,1Z9F72W00332429744,UPS
47630,1Z9F72W00332429753,UPS
47631,1Z9F72W00332429762,UPS
47632,1Z9F72W00332429771,UPS
47633,1Z9F72W00332429815,UPS
47634,1Z9F72W00332429780,UPS
47635,1Z9F72W00332429799,UPS
47637,1Z9F72W00332433588,UPS
47638,1Z9F72W00332429851,UPS
47639,1Z9F72W00332429806,UPS
47640,1Z9F72W00332433597,UPS
47643,1Z9F72W00332429833,UPS
47644,1Z9F72W00332429824,UPS
47645,1Z9F72W00332429888,UPS
47646,1Z9F72W00332429897,UPS
47647,1Z9F72W00332429922,UPS
47648,1Z9F72W00332429860,UPS
47649,1Z9F72W00332429842,UPS
47650,1Z9F72W00332429879,UPS
47651,1Z9F72W00332429931,UPS
47652,1Z9F72W00332429913,UPS
47654,1Z9F72W00332429940,UPS
47655,1Z9F72W00332429904,UPS
47656,1Z9F72W00332429959,UPS
47657,1Z9F72W00332429995,UPS
47658,1Z9F72W00332429986,UPS
47659,1Z9F72W00332429977,UPS
47660,1Z9F72W00332429968,UPS
47661,1Z9F72W00332433613,UPS
47662,1Z9F72W00332430036,UPS
47663,1Z9F72W00332430009,UPS
47665,1Z9F72W00332433631,UPS
47666,1Z9F72W00332433604,UPS
47666,1Z9F72W00332433604,UPS
47667,1Z9F72W00332431455,UPS
47670,1Z9F72W00332430107,UPS
47671,1Z9F72W00332430116,UPS
47672,1Z9F72W00332433622,UPS
47673,1Z9F72W00332430027,UPS
47674,1Z9F72W00332430152,UPS
47675,1Z9F72W00332430018,UPS
47676,1Z9F72W00332430143,UPS
47677,1Z9F72W00332430045,UPS
47678,1Z9F72W00332430063,UPS
47679,1Z9F72W00332430125,UPS
47680,1Z9F72W00332430054,UPS
47681,1Z9F72W00332430090,UPS
47682,1Z9F72W00332430072,UPS
47683,1Z9F72W00332430134,UPS
47685,1Z9F72W00332430081,UPS
47686,1Z9F72W00332430161,UPS
47687,1Z9F72W00332430170,UPS
47688,1Z9F72W00332430189,UPS
47689,1Z9F72W00332430198,UPS
47690,1Z9F72W00332433640,UPS
47691,1Z9F72W00332430205,UPS
47692,1Z9F72W00332430214,UPS
47693,1Z9F72W00332431428,UPS
47694,1Z9F72W00332430269,UPS
47695,1Z9F72W00332430232,UPS
47696,1Z9F72W00332430287,UPS
47697,1Z9F72W00332430223,UPS
47699,1Z9F72W00332430241,UPS
47700,1Z9F72W00332430250,UPS
47701,1Z9F72W00332430278,UPS
47702,1Z9F72W00332433659,UPS
47704,1Z9F72W00332430296,UPS
47705,1Z9F72W00332430358,UPS
47706,1Z9F72W00332430330,UPS
47707,1Z9F72W00332430474,UPS
47708,1Z9F72W00332430312,UPS
47709,1Z9F72W00332430321,UPS
47710,1Z9F72W00332430303,UPS
47711,1Z9F72W00332430376,UPS
47712,1Z9F72W00332430367,UPS
47713,1Z9F72W00332430349,UPS
47714,1Z9F72W00332430492,UPS
47715,1Z9F72W00332430410,UPS
47716,1Z9F72W00332430385,UPS
47717,1Z9F72W00332430509,UPS
47719,1Z9F72W00332430394,UPS
47720,1Z9F72W00332430545,UPS
47721,1Z9F72W00332430401,UPS
47722,1Z9F72W00332430483,UPS
47723,1Z9F72W00332430518,UPS
47724,1Z9F72W00332430536,UPS
47725,1Z9F72W00332430554,UPS
47726,1Z9F72W00332430527,UPS
47727,1Z9F72W00332430429,UPS
47728,1Z9F72W00332430563,UPS
47729,1Z9F72W00332430438,UPS
47730,1Z9F72W00332430590,UPS
47731,1Z9F72W00332430447,UPS
47732,1Z9F72W00332430572,UPS
47733,1Z9F72W00332430581,UPS
47734,1Z9F72W00332430616,UPS
47735,1Z9F72W00332430625,UPS
47736,1Z9F72W00332430607,UPS
47737,1Z9F72W00332430652,UPS
47738,1Z9F72W00332430634,UPS
47739,1Z9F72W00332430661,UPS
47740,1Z9F72W00332430698,UPS
47741,1Z9F72W00332430670,UPS
47742,1Z9F72W00332430643,UPS
47743,1Z9F72W00332430689,UPS
47744,1Z9F72W00332433695,UPS
47745,1Z9F72W00332433711,UPS
47746,1Z9F72W00332433668,UPS
47747,1Z9F72W00332433739,UPS
47749,1Z9F72W00332433720,UPS
47750,1Z9F72W00332430705,UPS
47751,1Z9F72W00332433677,UPS
47752,1Z9F72W00332431437,UPS
47753,1Z9F72W00332433686,UPS
47754,1Z9F72W00332433702,UPS
47755,1Z9F72W00332430741,UPS
47756,1Z9F72W00332430723,UPS
47757,1Z9F72W00332433748,UPS
47759,1Z9F72W00332430732,UPS
47760,1Z9F72W00332430714,UPS
47762,1Z9F72W00332430787,UPS
47763,1Z9F72W00332430769,UPS
47764,1Z9F72W00332430803,UPS
47765,1Z9F72W00332433784,UPS
47766,1Z9F72W00332430750,UPS
47768,1Z9F72W00332433775,UPS
47769,1Z9F72W00332430894,UPS
47770,1Z9F72W00332431446,UPS
47771,1Z9F72W00332430885,UPS
47772,1Z9F72W00332430796,UPS
47773,1Z9F72W00332430778,UPS
47774,1Z9F72W00332430812,UPS
47775,1Z9F72W00332430901,UPS
47776,1Z9F72W00332433757,UPS
47778,1Z9F72W00332430821,UPS
47779,1Z9F72W00332433793,UPS
47780,1Z9F72W00332430867,UPS
47781,1Z9F72W00332433766,UPS
47782,1Z9F72W00332430830,UPS
47783,1Z9F72W00332430849,UPS
47785,1Z9F72W00332430876,UPS
47786,1Z9F72W00332430858,UPS
47787,1Z9F72W00332433800,UPS
47788,1Z9F72W00332433819,UPS
47792,1Z9F72W00332430910,UPS
47794,1Z9F72W00332430929,UPS
47795,1Z9F72W00332430938,UPS
47796,1Z9F72W00332430947,UPS
47797,1Z9F72W00332430965,UPS
47798,1Z9F72W00332430992,UPS
47799,1Z9F72W00332430956,UPS
47800,1Z9F72W00332430974,UPS
47801,1Z9F72W00332430983,UPS
47802,1Z9F72W00332433828,UPS
47803,1Z9F72W00332431008,UPS
47804,1Z9F72W00332431017,UPS
47805,1Z9F72W00332433837,UPS
47807,1Z9F72W00332433846,UPS
47808,1Z9F72W00332431035,UPS
47809,1Z9F72W00332431026,UPS
47810,1Z9F72W00332431044,UPS
47811,1Z9F72W00332433855,UPS
47812,1Z9F72W00332431071,UPS
47813,1Z9F72W00332431062,UPS
47814,1Z9F72W00332431053,UPS
47815,1Z9F72W00332431106,UPS
47816,1Z9F72W00332431080,UPS
47818,1Z9F72W00332431099,UPS
47819,1Z9F72W00332433864,UPS
47819,1Z9F72W00332433864,UPS
47820,1Z9F72W00332430456,UPS
47822,1Z9F72W00332431124,UPS
47824,1Z9F72W00332431115,UPS
47825,1Z9F72W00332431142,UPS
47826,1Z9F72W00332431151,UPS
47827,1Z9F72W00332431133,UPS
47828,1Z9F72W00332433882,UPS
47830,1Z9F72W00332431160,UPS
47831,1Z9F72W00332431179,UPS
47832,1Z9F72W00332431188,UPS
47833,1Z9F72W00332431197,UPS
47834,1Z9F72W00332431204,UPS
47835,1Z9F72W00332433873,UPS
47836,1Z9F72W00332431213,UPS
47837,1Z9F72W00332431259,UPS
47838,1Z9F72W00332431277,UPS
47839,1Z9F72W00332431240,UPS
47840,1Z9F72W00332431268,UPS
47841,1Z9F72W00332431231,UPS
47842,1Z9F72W00332431222,UPS
47843,1Z9F72W00332431302,UPS
47844,1Z9F72W00332431295,UPS
47845,1Z9F72W00332431339,UPS
47846,1Z9F72W00332431320,UPS
47847,1Z9F72W00332431286,UPS
47848,1Z9F72W00332431311,UPS
47849,1Z9F72W00332431348,UPS
47850,1Z9F72W00332431366,UPS
47851,1Z9F72W00332431357,UPS
47852,1Z9F72W00332431375,UPS
47853,1Z9F72W00332431384,UPS
47854,1Z9F72W00332431393,UPS
47855,1Z9F72W00332431400,UPS
47857,1Z9F72W00332431419,UPS
47858,1Z9F72W00332433908,UPS



